x,y,team_id,player_id,time
13.15,21.3,away,10,1
17.4,29.88,away,11,1
14.22,10.85,away,12,1
14.64,17.49,away,17,1
17.55,31.63,away,27,1
13.21,29.93,away,61,1
13.73,28.39,away,70,1
13.94,32.51,away,71,1
14.04,26.96,away,72,1
13.8,31.25,away,76,1
13.75,34.98,away,87,1
12.9,29.63,ball,-99,1
11.21,11.45,home,21,1
11.77,21.55,home,24,1
10.73,18.21,home,25,1
5.96,32.37,home,30,1
9.91,35.42,home,32,1
9.32,31.2,home,37,1
12.03,36.75,home,53,1
11.69,34.26,home,54,1
11.92,31.85,home,93,1
11.99,28.91,home,97,1
11.82,24.97,home,98,1
13.15,21.3,away,10,2
17.4,29.88,away,11,2
14.22,10.85,away,12,2
14.64,17.49,away,17,2
17.55,31.63,away,27,2
13.22,29.93,away,61,2
13.74,28.39,away,70,2
13.94,32.51,away,71,2
14.03,26.93,away,72,2
13.8,31.24,away,76,2
13.7,34.96,away,87,2
12.9,29.63,ball,-99,2
11.29,11.38,home,21,2
11.77,21.55,home,24,2
10.73,18.21,home,25,2
5.96,32.37,home,30,2
9.92,35.41,home,32,2
9.32,31.2,home,37,2
12.03,36.75,home,53,2
11.69,34.27,home,54,2
11.87,31.82,home,93,2
11.99,28.91,home,97,2
11.84,24.98,home,98,2
13.15,21.3,away,10,3
17.4,29.88,away,11,3
14.21,10.85,away,12,3
14.64,17.49,away,17,3
17.55,31.63,away,27,3
13.22,29.93,away,61,3
13.74,28.39,away,70,3
13.95,32.51,away,71,3
14.03,26.89,away,72,3
13.8,31.24,away,76,3
13.63,34.91,away,87,3
12.9,29.63,ball,-99,3
11.37,11.33,home,21,3
11.77,21.55,home,24,3
10.73,18.21,home,25,3
5.96,32.37,home,30,3
9.92,35.41,home,32,3
9.33,31.2,home,37,3
12.03,36.75,home,53,3
11.69,34.27,home,54,3
11.83,31.79,home,93,3
11.99,28.92,home,97,3
11.84,25.0,home,98,3
13.14,21.3,away,10,4
17.4,29.88,away,11,4
14.21,10.85,away,12,4
14.64,17.49,away,17,4
17.55,31.63,away,27,4
13.22,29.93,away,61,4
13.74,28.39,away,70,4
13.95,32.51,away,71,4
14.04,26.88,away,72,4
13.8,31.24,away,76,4
13.62,34.9,away,87,4
12.9,29.63,ball,-99,4
11.46,11.28,home,21,4
11.77,21.55,home,24,4
10.74,18.21,home,25,4
5.96,32.37,home,30,4
9.92,35.41,home,32,4
9.33,31.2,home,37,4
12.03,36.75,home,53,4
11.69,34.27,home,54,4
11.82,31.78,home,93,4
11.99,28.92,home,97,4
11.84,25.06,home,98,4
13.14,21.3,away,10,5
17.4,29.89,away,11,5
14.21,10.85,away,12,5
14.64,17.48,away,17,5
17.55,31.62,away,27,5
13.22,29.93,away,61,5
13.74,28.39,away,70,5
13.95,32.51,away,71,5
14.05,26.89,away,72,5
13.8,31.24,away,76,5
13.63,34.9,away,87,5
12.9,29.63,ball,-99,5
11.55,11.22,home,21,5
11.77,21.55,home,24,5
10.74,18.21,home,25,5
5.96,32.37,home,30,5
9.92,35.41,home,32,5
9.33,31.2,home,37,5
12.03,36.75,home,53,5
11.69,34.28,home,54,5
11.81,31.78,home,93,5
11.99,28.92,home,97,5
11.84,25.06,home,98,5
13.14,21.3,away,10,6
17.4,29.89,away,11,6
14.21,10.85,away,12,6
14.64,17.48,away,17,6
17.55,31.62,away,27,6
13.22,29.93,away,61,6
13.74,28.39,away,70,6
13.95,32.5,away,71,6
14.06,26.9,away,72,6
13.79,31.25,away,76,6
13.62,34.89,away,87,6
12.9,29.63,ball,-99,6
11.65,11.16,home,21,6
11.77,21.55,home,24,6
10.74,18.21,home,25,6
5.96,32.36,home,30,6
9.92,35.41,home,32,6
9.33,31.2,home,37,6
12.03,36.75,home,53,6
11.69,34.28,home,54,6
11.81,31.77,home,93,6
11.99,28.92,home,97,6
11.83,25.01,home,98,6
13.14,21.3,away,10,7
17.39,29.89,away,11,7
14.21,10.85,away,12,7
14.64,17.48,away,17,7
17.54,31.62,away,27,7
13.22,29.93,away,61,7
13.74,28.39,away,70,7
13.95,32.5,away,71,7
14.06,26.91,away,72,7
13.79,31.25,away,76,7
13.52,34.78,away,87,7
12.9,29.63,ball,-99,7
11.75,11.11,home,21,7
11.77,21.55,home,24,7
10.74,18.21,home,25,7
5.95,32.36,home,30,7
9.92,35.41,home,32,7
9.34,31.2,home,37,7
12.03,36.75,home,53,7
11.69,34.28,home,54,7
11.81,31.76,home,93,7
11.99,28.92,home,97,7
11.81,24.96,home,98,7
13.14,21.3,away,10,8
17.39,29.89,away,11,8
14.21,10.85,away,12,8
14.64,17.48,away,17,8
17.54,31.62,away,27,8
13.22,29.93,away,61,8
13.74,28.39,away,70,8
13.95,32.5,away,71,8
14.06,26.91,away,72,8
13.8,31.26,away,76,8
13.42,34.69,away,87,8
12.9,29.63,ball,-99,8
11.86,11.07,home,21,8
11.77,21.55,home,24,8
10.74,18.21,home,25,8
5.95,32.36,home,30,8
9.92,35.41,home,32,8
9.34,31.2,home,37,8
12.03,36.75,home,53,8
11.69,34.28,home,54,8
11.82,31.76,home,93,8
11.99,28.92,home,97,8
11.81,25.06,home,98,8
13.14,21.3,away,10,9
17.39,29.89,away,11,9
14.21,10.85,away,12,9
14.64,17.48,away,17,9
17.54,31.62,away,27,9
13.22,29.93,away,61,9
13.74,28.39,away,70,9
13.95,32.5,away,71,9
14.07,26.91,away,72,9
13.8,31.26,away,76,9
13.35,34.62,away,87,9
12.9,29.63,ball,-99,9
11.97,11.06,home,21,9
11.77,21.55,home,24,9
10.74,18.21,home,25,9
5.95,32.36,home,30,9
9.92,35.4,home,32,9
9.34,31.2,home,37,9
12.03,36.75,home,53,9
11.7,34.29,home,54,9
11.82,31.75,home,93,9
11.99,28.92,home,97,9
11.81,25.03,home,98,9
13.14,21.3,away,10,10
17.39,29.89,away,11,10
14.21,10.85,away,12,10
14.64,17.48,away,17,10
17.54,31.62,away,27,10
13.22,29.93,away,61,10
13.74,28.39,away,70,10
13.96,32.49,away,71,10
14.07,26.91,away,72,10
13.8,31.27,away,76,10
13.3,34.58,away,87,10
12.9,29.63,ball,-99,10
12.07,11.07,home,21,10
11.77,21.56,home,24,10
10.74,18.21,home,25,10
5.95,32.36,home,30,10
9.92,35.4,home,32,10
9.35,31.19,home,37,10
12.03,36.75,home,53,10
11.7,34.29,home,54,10
11.82,31.75,home,93,10
11.99,28.92,home,97,10
11.8,24.97,home,98,10
13.14,21.29,away,10,11
17.39,29.89,away,11,11
14.21,10.85,away,12,11
14.64,17.48,away,17,11
17.54,31.62,away,27,11
13.22,29.93,away,61,11
13.74,28.39,away,70,11
13.96,32.49,away,71,11
14.06,26.93,away,72,11
13.8,31.27,away,76,11
13.29,34.53,away,87,11
12.9,29.63,ball,-99,11
12.15,11.1,home,21,11
11.77,21.56,home,24,11
10.75,18.21,home,25,11
5.95,32.36,home,30,11
9.93,35.4,home,32,11
9.35,31.19,home,37,11
12.02,36.75,home,53,11
11.7,34.29,home,54,11
11.83,31.75,home,93,11
11.99,28.93,home,97,11
11.81,24.98,home,98,11
13.14,21.29,away,10,12
17.38,29.89,away,11,12
14.21,10.85,away,12,12
14.64,17.48,away,17,12
17.54,31.62,away,27,12
13.23,29.93,away,61,12
13.74,28.39,away,70,12
13.96,32.49,away,71,12
14.07,26.95,away,72,12
13.81,31.27,away,76,12
13.54,34.45,away,87,12
12.9,29.63,ball,-99,12
12.22,11.13,home,21,12
11.77,21.56,home,24,12
10.75,18.21,home,25,12
5.95,32.35,home,30,12
9.93,35.4,home,32,12
9.36,31.19,home,37,12
12.02,36.75,home,53,12
11.7,34.29,home,54,12
11.84,31.75,home,93,12
11.99,28.93,home,97,12
11.84,24.99,home,98,12
13.14,21.29,away,10,13
17.38,29.89,away,11,13
14.21,10.85,away,12,13
14.64,17.48,away,17,13
17.53,31.62,away,27,13
13.23,29.93,away,61,13
13.74,28.39,away,70,13
13.96,32.49,away,71,13
14.09,26.97,away,72,13
13.81,31.28,away,76,13
13.6,34.4,away,87,13
12.9,29.63,ball,-99,13
12.26,11.15,home,21,13
11.77,21.56,home,24,13
10.75,18.21,home,25,13
5.96,32.35,home,30,13
9.93,35.4,home,32,13
9.36,31.19,home,37,13
12.03,36.75,home,53,13
11.7,34.3,home,54,13
11.84,31.75,home,93,13
11.99,28.93,home,97,13
11.86,24.94,home,98,13
13.14,21.29,away,10,14
17.38,29.89,away,11,14
14.21,10.85,away,12,14
14.64,17.47,away,17,14
17.53,31.62,away,27,14
13.23,29.93,away,61,14
13.74,28.39,away,70,14
13.96,32.5,away,71,14
14.13,26.96,away,72,14
13.81,31.28,away,76,14
13.65,34.39,away,87,14
12.9,29.63,ball,-99,14
12.29,11.18,home,21,14
11.77,21.56,home,24,14
10.75,18.21,home,25,14
5.96,32.35,home,30,14
9.93,35.4,home,32,14
9.37,31.18,home,37,14
12.03,36.75,home,53,14
11.7,34.3,home,54,14
11.86,31.76,home,93,14
11.99,28.93,home,97,14
11.93,24.99,home,98,14
13.14,21.29,away,10,15
17.38,29.89,away,11,15
14.21,10.85,away,12,15
14.63,17.47,away,17,15
17.53,31.62,away,27,15
13.24,29.93,away,61,15
13.74,28.39,away,70,15
13.97,32.5,away,71,15
14.19,26.94,away,72,15
13.82,31.28,away,76,15
13.65,34.43,away,87,15
14.5,29.93,ball,-99,15
12.3,11.2,home,21,15
11.77,21.56,home,24,15
10.75,18.21,home,25,15
5.96,32.35,home,30,15
9.93,35.4,home,32,15
9.37,31.18,home,37,15
12.03,36.75,home,53,15
11.7,34.3,home,54,15
11.88,31.78,home,93,15
11.99,28.93,home,97,15
12.09,25.02,home,98,15
13.14,21.29,away,10,16
17.38,29.89,away,11,16
14.21,10.85,away,12,16
14.63,17.47,away,17,16
17.53,31.62,away,27,16
13.25,29.93,away,61,16
13.74,28.39,away,70,16
13.97,32.5,away,71,16
14.25,26.89,away,72,16
13.83,31.28,away,76,16
13.63,34.49,away,87,16
15.63,30.1,ball,-99,16
12.29,11.23,home,21,16
11.76,21.56,home,24,16
10.75,18.21,home,25,16
5.96,32.35,home,30,16
9.93,35.39,home,32,16
9.38,31.18,home,37,16
12.04,36.74,home,53,16
11.71,34.3,home,54,16
12.0,31.84,home,93,16
11.99,28.93,home,97,16
12.22,24.97,home,98,16
13.13,21.3,away,10,17
17.38,29.89,away,11,17
14.21,10.85,away,12,17
14.63,17.48,away,17,17
17.52,31.62,away,27,17
13.26,29.93,away,61,17
13.74,28.39,away,70,17
13.98,32.5,away,71,17
14.36,26.82,away,72,17
13.84,31.29,away,76,17
13.6,34.56,away,87,17
16.6,30.23,ball,-99,17
12.26,11.27,home,21,17
11.76,21.56,home,24,17
10.75,18.21,home,25,17
5.96,32.34,home,30,17
9.94,35.39,home,32,17
9.39,31.17,home,37,17
12.05,36.74,home,53,17
11.72,34.3,home,54,17
12.25,31.95,home,93,17
12.0,28.93,home,97,17
12.36,24.92,home,98,17
13.13,21.3,away,10,18
17.39,29.89,away,11,18
14.21,10.85,away,12,18
14.62,17.48,away,17,18
17.52,31.62,away,27,18
13.28,29.94,away,61,18
13.74,28.4,away,70,18
13.99,32.51,away,71,18
14.46,26.74,away,72,18
13.88,31.32,away,76,18
13.57,34.62,away,87,18
17.47,30.2,ball,-99,18
12.23,11.34,home,21,18
11.76,21.56,home,24,18
10.75,18.21,home,25,18
5.96,32.34,home,30,18
9.94,35.39,home,32,18
9.4,31.17,home,37,18
12.13,36.72,home,53,18
11.73,34.3,home,54,18
12.5,32.05,home,93,18
12.0,28.94,home,97,18
12.55,24.91,home,98,18
13.12,21.3,away,10,19
17.39,29.89,away,11,19
14.21,10.86,away,12,19
14.62,17.48,away,17,19
17.51,31.61,away,27,19
13.41,29.99,away,61,19
13.74,28.41,away,70,19
14.08,32.55,away,71,19
14.57,26.67,away,72,19
14.01,31.43,away,76,19
13.53,34.67,away,87,19
17.67,30.0,ball,-99,19
12.18,11.44,home,21,19
11.76,21.57,home,24,19
10.75,18.21,home,25,19
5.97,32.34,home,30,19
9.94,35.39,home,32,19
9.47,31.14,home,37,19
12.45,36.66,home,53,19
11.79,34.3,home,54,19
12.89,32.22,home,93,19
12.0,28.95,home,97,19
12.82,24.97,home,98,19
13.11,21.3,away,10,20
17.4,29.89,away,11,20
14.21,10.86,away,12,20
14.6,17.5,away,17,20
17.5,31.58,away,27,20
13.69,30.11,away,61,20
13.74,28.41,away,70,20
14.39,32.69,away,71,20
14.73,26.63,away,72,20
14.21,31.62,away,76,20
13.46,34.75,away,87,20
17.73,30.07,ball,-99,20
12.12,11.56,home,21,20
11.75,21.57,home,24,20
10.75,18.21,home,25,20
5.97,32.33,home,30,20
9.94,35.39,home,32,20
9.72,31.07,home,37,20
13.01,36.53,home,53,20
12.2,34.26,home,54,20
13.14,32.34,home,93,20
12.01,28.96,home,97,20
13.08,24.99,home,98,20
13.08,21.31,away,10,21
17.44,29.88,away,11,21
14.19,10.89,away,12,21
14.52,17.59,away,17,21
17.39,31.33,away,27,21
13.98,30.24,away,61,21
13.74,28.44,away,70,21
14.83,32.85,away,71,21
14.9,26.58,away,72,21
14.4,31.79,away,76,21
13.41,34.93,away,87,21
17.9,30.33,ball,-99,21
12.04,11.67,home,21,21
11.75,21.57,home,24,21
10.74,18.22,home,25,21
5.97,32.33,home,30,21
9.94,35.39,home,32,21
10.02,30.98,home,37,21
13.63,36.37,home,53,21
12.8,34.19,home,54,21
13.48,32.47,home,93,21
12.08,29.07,home,97,21
13.41,25.02,home,98,21
12.9,21.35,away,10,22
17.63,29.85,away,11,22
14.12,11.03,away,12,22
14.25,17.96,away,17,22
17.21,30.8,away,27,22
14.23,30.38,away,61,22
13.74,28.56,away,70,22
15.3,33.0,away,71,22
15.09,26.53,away,72,22
14.61,31.9,away,76,22
13.31,34.97,away,87,22
18.2,30.33,ball,-99,22
11.94,11.82,home,21,22
11.74,21.57,home,24,22
10.74,18.23,home,25,22
5.98,32.33,home,30,22
9.95,35.4,home,32,22
10.26,30.91,home,37,22
14.19,36.23,home,53,22
13.33,34.12,home,54,22
13.72,32.57,home,93,22
12.28,29.37,home,97,22
13.75,25.06,home,98,22
12.49,21.4,away,10,23
18.08,29.78,away,11,23
13.92,11.4,away,12,23
13.92,18.46,away,17,23
17.05,30.17,away,27,23
14.42,30.5,away,61,23
13.76,28.88,away,70,23
15.7,33.1,away,71,23
15.3,26.46,away,72,23
14.8,32.01,away,76,23
13.19,35.04,away,87,23
18.53,30.3,ball,-99,23
11.82,12.02,home,21,23
11.73,21.58,home,24,23
10.71,18.28,home,25,23
5.98,32.32,home,30,23
9.95,35.4,home,32,23
10.43,30.85,home,37,23
14.71,36.09,home,53,23
13.76,34.04,home,54,23
14.0,32.66,home,93,23
12.61,29.81,home,97,23
14.09,25.08,home,98,23
12.04,21.43,away,10,24
18.57,29.72,away,11,24
13.63,11.94,away,12,24
13.63,18.95,away,17,24
16.91,29.64,away,27,24
14.56,30.6,away,61,24
13.8,29.25,away,70,24
16.06,33.14,away,71,24
15.52,26.4,away,72,24
15.01,32.11,away,76,24
13.04,35.08,away,87,24
18.9,30.3,ball,-99,24
11.7,12.22,home,21,24
11.67,21.59,home,24,24
10.59,18.54,home,25,24
5.99,32.32,home,30,24
9.95,35.4,home,32,24
10.57,30.79,home,37,24
15.21,35.88,home,53,24
14.1,33.97,home,54,24
14.28,32.75,home,93,24
12.96,30.21,home,97,24
14.46,25.13,home,98,24
11.62,21.45,away,10,25
18.96,29.66,away,11,25
13.34,12.47,away,12,25
13.42,19.39,away,17,25
16.77,29.17,away,27,25
14.71,30.7,away,61,25
13.88,29.56,away,70,25
16.4,33.13,away,71,25
15.72,26.32,away,72,25
15.24,32.21,away,76,25
12.88,35.14,away,87,25
19.3,30.3,ball,-99,25
11.57,12.48,home,21,25
11.38,21.66,home,24,25
10.39,18.99,home,25,25
6.0,32.3,home,30,25
9.95,35.4,home,32,25
10.71,30.68,home,37,25
15.69,35.61,home,53,25
14.41,33.9,home,54,25
14.54,32.84,home,93,25
13.28,30.54,home,97,25
14.88,25.18,home,98,25
11.28,21.44,away,10,26
19.24,29.61,away,11,26
13.09,12.94,away,12,26
13.26,19.82,away,17,26
16.65,28.72,away,27,26
14.89,30.8,away,61,26
14.0,29.76,away,70,26
16.73,33.08,away,71,26
15.93,26.24,away,72,26
15.48,32.3,away,76,26
12.65,35.2,away,87,26
19.53,30.23,ball,-99,26
11.43,12.79,home,21,26
10.94,21.76,home,24,26
10.15,19.45,home,25,26
6.05,32.27,home,30,26
9.95,35.41,home,32,26
10.83,30.51,home,37,26
16.16,35.31,home,53,26
14.71,33.85,home,54,26
14.87,32.94,home,93,26
13.58,30.82,home,97,26
15.31,25.23,home,98,26
10.99,21.45,away,10,27
19.44,29.59,away,11,27
12.86,13.37,away,12,27
13.13,20.27,away,17,27
16.53,28.27,away,27,27
15.08,30.9,away,61,27
14.12,29.91,away,70,27
17.09,33.05,away,71,27
16.17,26.23,away,72,27
15.73,32.38,away,76,27
12.42,35.29,away,87,27
19.77,30.13,ball,-99,27
11.31,13.14,home,21,27
10.54,21.84,home,24,27
9.93,19.86,home,25,27
6.15,32.18,home,30,27
9.95,35.41,home,32,27
10.94,30.3,home,37,27
16.64,35.01,home,53,27
15.0,33.76,home,54,27
15.23,33.04,home,93,27
13.89,31.04,home,97,27
15.78,25.26,home,98,27
10.68,21.47,away,10,28
19.62,29.58,away,11,28
12.63,13.83,away,12,28
13.01,20.74,away,17,28
16.37,27.83,away,27,28
15.27,30.98,away,61,28
14.25,30.04,away,70,28
17.43,32.98,away,71,28
16.39,26.23,away,72,28
16.03,32.4,away,76,28
12.18,35.35,away,87,28
19.77,30.17,ball,-99,28
11.2,13.52,home,21,28
10.2,21.92,home,24,28
9.7,20.2,home,25,28
6.26,32.07,home,30,28
9.95,35.42,home,32,28
11.06,30.1,home,37,28
17.12,34.7,home,53,28
15.27,33.65,home,54,28
15.6,33.13,home,93,28
14.22,31.23,home,97,28
16.24,25.33,home,98,28
10.34,21.45,away,10,29
19.78,29.57,away,11,29
12.4,14.31,away,12,29
12.93,21.25,away,17,29
16.21,27.38,away,27,29
15.48,31.05,away,61,29
14.42,30.17,away,70,29
17.76,32.89,away,71,29
16.62,26.22,away,72,29
16.34,32.43,away,76,29
11.93,35.43,away,87,29
19.9,30.17,ball,-99,29
11.07,13.92,home,21,29
9.89,21.98,home,24,29
9.48,20.51,home,25,29
6.33,31.98,home,30,29
9.94,35.42,home,32,29
11.19,29.89,home,37,29
17.6,34.4,home,53,29
15.56,33.53,home,54,29
16.0,33.22,home,93,29
14.56,31.39,home,97,29
16.72,25.4,home,98,29
10.02,21.45,away,10,30
19.91,29.56,away,11,30
12.17,14.82,away,12,30
12.84,21.74,away,17,30
16.03,26.91,away,27,30
15.69,31.11,away,61,30
14.63,30.31,away,70,30
18.07,32.74,away,71,30
16.88,26.23,away,72,30
16.66,32.42,away,76,30
11.67,35.52,away,87,30
19.97,29.97,ball,-99,30
10.91,14.37,home,21,30
9.59,22.03,home,24,30
9.23,20.81,home,25,30
6.33,31.93,home,30,30
9.94,35.43,home,32,30
11.27,29.57,home,37,30
18.08,34.07,home,53,30
15.83,33.39,home,54,30
16.39,33.25,home,93,30
14.89,31.53,home,97,30
17.17,25.48,home,98,30
9.67,21.43,away,10,31
20.02,29.53,away,11,31
11.94,15.36,away,12,31
12.77,22.22,away,17,31
15.79,26.4,away,27,31
15.91,31.14,away,61,31
14.86,30.4,away,70,31
18.38,32.6,away,71,31
17.17,26.27,away,72,31
16.98,32.4,away,76,31
11.42,35.66,away,87,31
20.0,29.83,ball,-99,31
10.76,14.85,home,21,31
9.31,22.06,home,24,31
8.94,21.11,home,25,31
6.29,31.91,home,30,31
9.92,35.45,home,32,31
11.33,29.23,home,37,31
18.53,33.74,home,53,31
16.03,33.21,home,54,31
16.77,33.25,home,93,31
15.21,31.65,home,97,31
17.62,25.5,home,98,31
9.3,21.44,away,10,32
20.09,29.49,away,11,32
11.73,15.89,away,12,32
12.7,22.69,away,17,32
15.55,25.89,away,27,32
16.13,31.13,away,61,32
15.1,30.49,away,70,32
18.65,32.44,away,71,32
17.46,26.33,away,72,32
17.3,32.35,away,76,32
11.18,35.82,away,87,32
20.07,29.7,ball,-99,32
10.61,15.32,home,21,32
9.02,22.07,home,24,32
8.62,21.44,home,25,32
6.24,31.89,home,30,32
9.84,35.55,home,32,32
11.35,28.84,home,37,32
18.94,33.42,home,53,32
16.23,33.01,home,54,32
17.17,33.23,home,93,32
15.55,31.71,home,97,32
17.97,25.45,home,98,32
8.9,21.35,away,10,33
20.11,29.46,away,11,33
11.53,16.43,away,12,33
12.62,23.17,away,17,33
15.31,25.36,away,27,33
16.35,31.13,away,61,33
15.36,30.6,away,70,33
18.95,32.28,away,71,33
17.77,26.42,away,72,33
17.64,32.3,away,76,33
10.94,36.01,away,87,33
20.2,29.67,ball,-99,33
10.46,15.77,home,21,33
8.74,22.06,home,24,33
8.3,21.77,home,25,33
6.18,31.88,home,30,33
9.65,35.79,home,32,33
11.36,28.41,home,37,33
19.3,33.14,home,53,33
16.48,32.78,home,54,33
17.45,33.22,home,93,33
15.88,31.73,home,97,33
18.4,25.46,home,98,33
8.48,21.26,away,10,34
20.11,29.42,away,11,34
11.34,16.95,away,12,34
12.54,23.61,away,17,34
15.02,24.8,away,27,34
16.55,31.12,away,61,34
15.62,30.66,away,70,34
19.23,32.1,away,71,34
18.09,26.52,away,72,34
17.98,32.29,away,76,34
10.71,36.24,away,87,34
20.3,29.67,ball,-99,34
10.31,16.21,home,21,34
8.45,22.0,home,24,34
7.99,22.09,home,25,34
6.11,31.86,home,30,34
9.43,36.11,home,32,34
11.37,27.95,home,37,34
19.64,32.85,home,53,34
16.77,32.53,home,54,34
17.75,33.16,home,93,34
16.19,31.75,home,97,34
18.81,25.52,home,98,34
8.13,21.27,away,10,35
20.09,29.39,away,11,35
11.17,17.45,away,12,35
12.48,23.99,away,17,35
14.75,24.23,away,27,35
16.78,31.09,away,61,35
15.86,30.65,away,70,35
19.48,31.91,away,71,35
18.35,26.64,away,72,35
18.3,32.29,away,76,35
10.52,36.49,away,87,35
20.23,29.73,ball,-99,35
10.17,16.63,home,21,35
8.14,21.91,home,24,35
7.7,22.4,home,25,35
6.06,31.82,home,30,35
9.26,36.43,home,32,35
11.37,27.45,home,37,35
19.94,32.59,home,53,35
17.07,32.28,home,54,35
18.18,33.15,home,93,35
16.45,31.75,home,97,35
19.21,25.55,home,98,35
7.75,21.15,away,10,36
20.07,29.34,away,11,36
11.02,17.94,away,12,36
12.43,24.36,away,17,36
14.5,23.62,away,27,36
16.98,31.03,away,61,36
16.11,30.64,away,70,36
19.68,31.71,away,71,36
18.6,26.76,away,72,36
18.62,32.27,away,76,36
10.35,36.79,away,87,36
19.93,29.43,ball,-99,36
10.05,17.0,home,21,36
7.85,21.76,home,24,36
7.42,22.7,home,25,36
6.01,31.78,home,30,36
9.14,36.74,home,32,36
11.36,26.92,home,37,36
20.21,32.36,home,53,36
17.38,32.0,home,54,36
18.49,33.15,home,93,36
16.68,31.71,home,97,36
19.5,25.5,home,98,36
7.36,21.0,away,10,37
20.06,29.29,away,11,37
10.89,18.4,away,12,37
12.36,24.68,away,17,37
14.28,23.01,away,27,37
17.18,30.97,away,61,37
16.35,30.64,away,70,37
19.86,31.49,away,71,37
18.86,26.88,away,72,37
18.94,32.25,away,76,37
10.2,37.13,away,87,37
19.27,28.53,ball,-99,37
9.94,17.32,home,21,37
7.54,21.63,home,24,37
7.15,22.97,home,25,37
5.96,31.71,home,30,37
9.05,37.01,home,32,37
11.38,26.39,home,37,37
20.44,32.19,home,53,37
17.73,31.73,home,54,37
18.66,33.09,home,93,37
16.89,31.68,home,97,37
19.81,25.5,home,98,37
7.01,20.79,away,10,38
20.03,29.24,away,11,38
10.82,18.81,away,12,38
12.28,24.9,away,17,38
14.06,22.38,away,27,38
17.36,30.89,away,61,38
16.55,30.59,away,70,38
20.05,31.28,away,71,38
19.14,27.0,away,72,38
19.22,32.21,away,76,38
10.06,37.5,away,87,38
18.23,27.0,ball,-99,38
9.84,17.61,home,21,38
7.23,21.42,home,24,38
6.9,23.23,home,25,38
5.9,31.64,home,30,38
8.95,37.33,home,32,38
11.36,25.81,home,37,38
20.62,32.04,home,53,38
18.0,31.37,home,54,38
18.83,33.05,home,93,38
17.05,31.65,home,97,38
20.01,25.43,home,98,38
6.66,20.52,away,10,39
20.0,29.18,away,11,39
10.76,19.19,away,12,39
12.21,25.13,away,17,39
13.83,21.74,away,27,39
17.49,30.84,away,61,39
16.73,30.53,away,70,39
20.18,31.13,away,71,39
19.4,27.11,away,72,39
19.46,32.15,away,76,39
9.94,37.85,away,87,39
16.87,24.9,ball,-99,39
9.76,17.79,home,21,39
6.95,21.14,home,24,39
6.71,23.44,home,25,39
5.83,31.56,home,30,39
8.85,37.71,home,32,39
11.37,25.2,home,37,39
20.79,31.91,home,53,39
18.28,31.02,home,54,39
19.01,33.02,home,93,39
17.18,31.62,home,97,39
20.12,25.34,home,98,39
6.31,20.18,away,10,40
19.98,29.1,away,11,40
10.72,19.53,away,12,40
12.11,25.29,away,17,40
13.64,21.05,away,27,40
17.58,30.8,away,61,40
16.89,30.41,away,70,40
20.32,30.94,away,71,40
19.62,27.21,away,72,40
19.63,32.12,away,76,40
9.82,38.21,away,87,40
15.57,22.93,ball,-99,40
9.71,17.92,home,21,40
6.67,20.81,home,24,40
6.6,23.6,home,25,40
5.79,31.47,home,30,40
8.73,38.05,home,32,40
11.37,24.57,home,37,40
20.96,31.8,home,53,40
18.56,30.71,home,54,40
19.16,32.97,home,93,40
17.29,31.59,home,97,40
20.17,25.21,home,98,40
5.96,19.81,away,10,41
19.97,29.0,away,11,41
10.69,19.83,away,12,41
12.0,25.4,away,17,41
13.45,20.36,away,27,41
17.67,30.76,away,61,41
17.04,30.27,away,70,41
20.42,30.85,away,71,41
19.77,27.27,away,72,41
19.81,32.1,away,76,41
9.71,38.53,away,87,41
14.37,21.03,ball,-99,41
9.68,17.98,home,21,41
6.4,20.42,home,24,41
6.51,23.73,home,25,41
5.76,31.36,home,30,41
8.61,38.41,home,32,41
11.4,23.91,home,37,41
21.09,31.73,home,53,41
18.83,30.38,home,54,41
19.3,32.99,home,93,41
17.38,31.56,home,97,41
20.12,25.08,home,98,41
5.62,19.45,away,10,42
19.98,28.88,away,11,42
10.66,20.1,away,12,42
11.84,25.44,away,17,42
13.29,19.71,away,27,42
17.78,30.71,away,61,42
17.16,30.11,away,70,42
20.52,30.78,away,71,42
19.91,27.32,away,72,42
20.01,32.07,away,76,42
9.6,38.84,away,87,42
13.37,19.4,ball,-99,42
9.7,17.9,home,21,42
6.13,19.96,home,24,42
6.48,23.8,home,25,42
5.76,31.23,home,30,42
8.49,38.8,home,32,42
11.45,23.25,home,37,42
21.21,31.65,home,53,42
19.13,30.08,home,54,42
19.36,33.02,home,93,42
17.44,31.53,home,97,42
20.0,24.87,home,98,42
5.31,19.02,away,10,43
20.01,28.76,away,11,43
10.65,20.29,away,12,43
11.69,25.5,away,17,43
13.17,19.09,away,27,43
17.86,30.68,away,61,43
17.24,29.89,away,70,43
20.6,30.73,away,71,43
19.96,27.32,away,72,43
20.13,32.07,away,76,43
9.5,39.09,away,87,43
13.0,18.5,ball,-99,43
9.75,17.76,home,21,43
5.88,19.44,home,24,43
6.5,23.81,home,25,43
5.77,31.06,home,30,43
8.36,39.2,home,32,43
11.52,22.57,home,37,43
21.31,31.58,home,53,43
19.36,29.78,home,54,43
19.35,33.07,home,93,43
17.47,31.53,home,97,43
19.93,24.68,home,98,43
5.02,18.57,away,10,44
20.05,28.62,away,11,44
10.65,20.44,away,12,44
11.52,25.47,away,17,44
13.04,18.44,away,27,44
17.92,30.65,away,61,44
17.3,29.67,away,70,44
20.68,30.68,away,71,44
19.94,27.29,away,72,44
20.2,32.08,away,76,44
9.44,39.32,away,87,44
12.73,17.67,ball,-99,44
9.81,17.54,home,21,44
5.6,18.9,home,24,44
6.55,23.78,home,25,44
5.79,30.88,home,30,44
8.23,39.61,home,32,44
11.59,21.86,home,37,44
21.4,31.5,home,53,44
19.62,29.49,home,54,44
19.15,33.09,home,93,44
17.46,31.56,home,97,44
19.77,24.48,home,98,44
4.75,18.09,away,10,45
20.12,28.46,away,11,45
10.65,20.54,away,12,45
11.33,25.42,away,17,45
12.93,17.78,away,27,45
17.96,30.61,away,61,45
17.4,29.46,away,70,45
20.76,30.65,away,71,45
19.84,27.26,away,72,45
20.22,32.08,away,76,45
9.37,39.46,away,87,45
12.53,16.77,ball,-99,45
9.91,17.26,home,21,45
5.36,18.32,home,24,45
6.62,23.68,home,25,45
5.81,30.67,home,30,45
8.1,40.0,home,32,45
11.64,21.14,home,37,45
21.5,31.42,home,53,45
19.81,29.22,home,54,45
19.02,33.12,home,93,45
17.43,31.56,home,97,45
19.66,24.34,home,98,45
4.51,17.59,away,10,46
20.21,28.28,away,11,46
10.65,20.59,away,12,46
11.14,25.34,away,17,46
12.83,17.12,away,27,46
18.0,30.59,away,61,46
17.46,29.24,away,70,46
20.83,30.65,away,71,46
19.76,27.21,away,72,46
20.14,32.17,away,76,46
9.29,39.59,away,87,46
12.6,16.17,ball,-99,46
10.01,16.93,home,21,46
5.12,17.71,home,24,46
6.73,23.52,home,25,46
5.85,30.43,home,30,46
7.97,40.38,home,32,46
11.69,20.39,home,37,46
21.63,31.33,home,53,46
19.98,28.96,home,54,46
18.87,33.15,home,93,46
17.37,31.53,home,97,46
19.41,24.13,home,98,46
4.27,17.04,away,10,47
20.31,28.09,away,11,47
10.65,20.61,away,12,47
10.96,25.23,away,17,47
12.68,16.43,away,27,47
18.01,30.57,away,61,47
17.49,29.0,away,70,47
20.89,30.66,away,71,47
19.65,27.08,away,72,47
19.97,32.16,away,76,47
9.19,39.69,away,87,47
12.73,15.63,ball,-99,47
10.13,16.51,home,21,47
4.9,17.09,home,24,47
6.84,23.3,home,25,47
5.9,30.17,home,30,47
7.84,40.75,home,32,47
11.7,19.65,home,37,47
21.75,31.24,home,53,47
20.09,28.72,home,54,47
18.67,33.13,home,93,47
17.3,31.52,home,97,47
19.13,23.93,home,98,47
4.05,16.5,away,10,48
20.42,27.89,away,11,48
10.65,20.58,away,12,48
10.78,25.08,away,17,48
12.55,15.74,away,27,48
18.01,30.54,away,61,48
17.54,28.78,away,70,48
20.94,30.68,away,71,48
19.52,26.92,away,72,48
19.8,32.07,away,76,48
9.09,39.71,away,87,48
12.5,14.97,ball,-99,48
10.25,16.0,home,21,48
4.68,16.46,home,24,48
6.98,23.02,home,25,48
5.98,29.89,home,30,48
7.72,41.11,home,32,48
11.66,18.88,home,37,48
21.89,31.13,home,53,48
20.22,28.48,home,54,48
18.45,33.1,home,93,48
17.22,31.49,home,97,48
18.77,23.74,home,98,48
3.86,15.97,away,10,49
20.54,27.68,away,11,49
10.63,20.54,away,12,49
10.6,24.92,away,17,49
12.4,15.04,away,27,49
18.0,30.51,away,61,49
17.59,28.54,away,70,49
20.99,30.73,away,71,49
19.4,26.76,away,72,49
19.68,32.0,away,76,49
9.0,39.7,away,87,49
12.13,14.3,ball,-99,49
10.36,15.45,home,21,49
4.46,15.84,home,24,49
7.13,22.7,home,25,49
6.09,29.56,home,30,49
7.6,41.45,home,32,49
11.67,18.12,home,37,49
22.06,30.99,home,53,49
20.3,28.27,home,54,49
18.2,33.04,home,93,49
17.1,31.44,home,97,49
18.41,23.46,home,98,49
3.67,15.42,away,10,50
20.67,27.47,away,11,50
10.62,20.48,away,12,50
10.41,24.72,away,17,50
12.27,14.35,away,27,50
17.98,30.47,away,61,50
17.6,28.28,away,70,50
21.05,30.77,away,71,50
19.26,26.6,away,72,50
19.58,31.93,away,76,50
8.93,39.68,away,87,50
11.87,13.63,ball,-99,50
10.47,14.88,home,21,50
4.26,15.22,home,24,50
7.27,22.34,home,25,50
6.21,29.23,home,30,50
7.51,41.76,home,32,50
11.63,17.35,home,37,50
22.22,30.84,home,53,50
20.36,28.07,home,54,50
17.91,32.95,home,93,50
16.96,31.35,home,97,50
18.06,23.19,home,98,50
3.49,14.88,away,10,51
20.81,27.25,away,11,51
10.59,20.4,away,12,51
10.21,24.5,away,17,51
12.11,13.66,away,27,51
17.96,30.42,away,61,51
17.57,28.0,away,70,51
21.12,30.79,away,71,51
19.09,26.41,away,72,51
19.46,31.86,away,76,51
8.88,39.65,away,87,51
11.7,12.9,ball,-99,51
10.57,14.27,home,21,51
4.07,14.62,home,24,51
7.41,21.94,home,25,51
6.35,28.87,home,30,51
7.44,42.07,home,32,51
11.57,16.56,home,37,51
22.38,30.69,home,53,51
20.39,27.87,home,54,51
17.6,32.84,home,93,51
16.8,31.24,home,97,51
17.71,22.88,home,98,51
3.31,14.36,away,10,52
20.95,27.01,away,11,52
10.56,20.31,away,12,52
10.02,24.27,away,17,52
11.97,12.96,away,27,52
17.9,30.38,away,61,52
17.5,27.72,away,70,52
21.18,30.79,away,71,52
18.93,26.17,away,72,52
19.31,31.78,away,76,52
8.84,39.61,away,87,52
11.57,12.3,ball,-99,52
10.64,13.62,home,21,52
3.89,14.06,home,24,52
7.55,21.52,home,25,52
6.5,28.5,home,30,52
7.4,42.35,home,32,52
11.45,15.8,home,37,52
22.56,30.51,home,53,52
20.43,27.67,home,54,52
17.28,32.71,home,93,52
16.62,31.1,home,97,52
17.37,22.55,home,98,52
3.17,13.88,away,10,53
21.09,26.78,away,11,53
10.54,20.19,away,12,53
9.87,23.99,away,17,53
11.74,12.26,away,27,53
17.83,30.33,away,61,53
17.42,27.45,away,70,53
21.25,30.79,away,71,53
18.77,25.91,away,72,53
19.16,31.69,away,76,53
8.82,39.56,away,87,53
11.37,11.5,ball,-99,53
10.7,12.95,home,21,53
3.71,13.49,home,24,53
7.69,21.08,home,25,53
6.66,28.13,home,30,53
7.38,42.62,home,32,53
11.29,15.02,home,37,53
22.73,30.31,home,53,53
20.44,27.48,home,54,53
16.96,32.56,home,93,53
16.43,30.94,home,97,53
17.06,22.18,home,98,53
3.06,13.41,away,10,54
21.21,26.55,away,11,54
10.51,20.07,away,12,54
9.72,23.71,away,17,54
11.49,11.56,away,27,54
17.75,30.27,away,61,54
17.35,27.18,away,70,54
21.31,30.74,away,71,54
18.63,25.63,away,72,54
19.02,31.6,away,76,54
8.81,39.51,away,87,54
11.2,10.77,ball,-99,54
10.75,12.27,home,21,54
3.53,12.95,home,24,54
7.81,20.63,home,25,54
6.81,27.76,home,30,54
7.36,42.86,home,32,54
11.09,14.22,home,37,54
22.9,30.11,home,53,54
20.49,27.29,home,54,54
16.65,32.36,home,93,54
16.25,30.77,home,97,54
16.74,21.85,home,98,54
2.96,12.96,away,10,55
21.31,26.31,away,11,55
10.46,19.95,away,12,55
9.58,23.41,away,17,55
11.17,10.86,away,27,55
17.66,30.22,away,61,55
17.33,26.92,away,70,55
21.35,30.73,away,71,55
18.49,25.37,away,72,55
18.88,31.52,away,76,55
8.8,39.45,away,87,55
11.07,9.97,ball,-99,55
10.76,11.58,home,21,55
3.36,12.45,home,24,55
7.92,20.15,home,25,55
6.98,27.38,home,30,55
7.36,43.06,home,32,55
10.86,13.41,home,37,55
23.06,29.9,home,53,55
20.51,27.1,home,54,55
16.34,32.16,home,93,55
16.06,30.58,home,97,55
16.45,21.48,home,98,55
2.91,12.57,away,10,56
21.41,26.07,away,11,56
10.41,19.85,away,12,56
9.45,23.09,away,17,56
10.83,10.14,away,27,56
17.56,30.17,away,61,56
17.28,26.63,away,70,56
21.39,30.71,away,71,56
18.36,25.12,away,72,56
18.74,31.43,away,76,56
8.8,39.4,away,87,56
10.63,8.97,ball,-99,56
10.74,10.91,home,21,56
3.21,12.0,home,24,56
8.01,19.68,home,25,56
7.16,27.02,home,30,56
7.37,43.24,home,32,56
10.63,12.62,home,37,56
23.23,29.69,home,53,56
20.52,26.91,home,54,56
16.03,31.96,home,93,56
15.91,30.4,home,97,56
16.17,21.13,home,98,56
2.89,12.19,away,10,57
21.5,25.8,away,11,57
10.37,19.74,away,12,57
9.32,22.77,away,17,57
10.45,9.43,away,27,57
17.47,30.12,away,61,57
17.21,26.34,away,70,57
21.44,30.67,away,71,57
18.19,24.8,away,72,57
18.6,31.32,away,76,57
8.81,39.35,away,87,57
10.23,8.27,ball,-99,57
10.7,10.27,home,21,57
3.08,11.59,home,24,57
8.09,19.2,home,25,57
7.35,26.66,home,30,57
7.4,43.41,home,32,57
10.37,11.83,home,37,57
23.4,29.48,home,53,57
20.52,26.73,home,54,57
15.71,31.71,home,93,57
15.79,30.24,home,97,57
15.92,20.76,home,98,57
2.89,11.83,away,10,58
21.58,25.53,away,11,58
10.32,19.65,away,12,58
9.18,22.44,away,17,58
10.09,8.75,away,27,58
17.35,30.06,away,61,58
16.99,26.15,away,70,58
21.47,30.6,away,71,58
18.01,24.44,away,72,58
18.46,31.19,away,76,58
8.84,39.29,away,87,58
10.1,8.13,ball,-99,58
10.64,9.67,home,21,58
2.96,11.21,home,24,58
8.16,18.74,home,25,58
7.53,26.32,home,30,58
7.44,43.55,home,32,58
10.08,11.06,home,37,58
23.56,29.28,home,53,58
20.52,26.55,home,54,58
15.39,31.42,home,93,58
15.67,30.08,home,97,58
15.68,20.41,home,98,58
2.92,11.48,away,10,59
21.63,25.25,away,11,59
10.28,19.55,away,12,59
9.04,22.1,away,17,59
9.69,8.09,away,27,59
17.24,30.01,away,61,59
16.82,25.96,away,70,59
21.48,30.55,away,71,59
17.84,24.07,away,72,59
18.32,31.05,away,76,59
8.88,39.23,away,87,59
9.77,7.63,ball,-99,59
10.59,9.09,home,21,59
2.86,10.86,home,24,59
8.22,18.28,home,25,59
7.71,25.99,home,30,59
7.48,43.66,home,32,59
9.84,10.29,home,37,59
23.71,29.09,home,53,59
20.49,26.39,home,54,59
15.1,31.16,home,93,59
15.55,29.91,home,97,59
15.45,20.05,home,98,59
2.95,11.15,away,10,60
21.64,24.94,away,11,60
10.23,19.47,away,12,60
8.9,21.76,away,17,60
9.28,7.44,away,27,60
17.12,29.95,away,61,60
16.6,25.68,away,70,60
21.5,30.46,away,71,60
17.66,23.71,away,72,60
18.18,30.92,away,76,60
8.91,39.16,away,87,60
9.23,6.73,ball,-99,60
10.54,8.57,home,21,60
2.78,10.55,home,24,60
8.26,17.83,home,25,60
7.87,25.69,home,30,60
7.55,43.75,home,32,60
9.56,9.53,home,37,60
23.87,28.9,home,53,60
20.45,26.23,home,54,60
14.83,30.9,home,93,60
15.44,29.73,home,97,60
15.28,19.67,home,98,60
3.01,10.86,away,10,61
21.64,24.62,away,11,61
10.18,19.4,away,12,61
8.76,21.41,away,17,61
8.86,6.81,away,27,61
16.99,29.88,away,61,61
16.4,25.41,away,70,61
21.53,30.35,away,71,61
17.49,23.34,away,72,61
18.03,30.78,away,76,61
8.95,39.1,away,87,61
8.53,5.63,ball,-99,61
10.48,8.09,home,21,61
2.7,10.23,home,24,61
8.3,17.4,home,25,61
8.04,25.4,home,30,61
7.64,43.8,home,32,61
9.27,8.8,home,37,61
24.02,28.7,home,53,61
20.41,26.08,home,54,61
14.59,30.73,home,93,61
15.33,29.55,home,97,61
15.11,19.3,home,98,61
3.09,10.58,away,10,62
21.62,24.28,away,11,62
10.15,19.32,away,12,62
8.64,21.06,away,17,62
8.34,6.25,away,27,62
16.86,29.81,away,61,62
16.25,25.14,away,70,62
21.49,30.28,away,71,62
17.32,22.98,away,72,62
17.88,30.63,away,76,62
8.98,39.03,away,87,62
7.93,5.17,ball,-99,62
10.41,7.66,home,21,62
2.61,9.95,home,24,62
8.35,16.98,home,25,62
8.21,25.13,home,30,62
7.72,43.83,home,32,62
8.97,8.09,home,37,62
24.15,28.51,home,53,62
20.36,25.94,home,54,62
14.36,30.48,home,93,62
15.25,29.38,home,97,62
14.96,18.93,home,98,62
3.18,10.31,away,10,63
21.6,23.93,away,11,63
10.11,19.25,away,12,63
8.49,20.72,away,17,63
7.84,5.7,away,27,63
16.73,29.73,away,61,63
16.11,24.89,away,70,63
21.45,30.2,away,71,63
17.13,22.61,away,72,63
17.74,30.46,away,76,63
9.0,38.95,away,87,63
7.4,4.73,ball,-99,63
10.35,7.29,home,21,63
2.57,9.71,home,24,63
8.4,16.59,home,25,63
8.35,24.89,home,30,63
7.79,43.84,home,32,63
8.69,7.37,home,37,63
24.27,28.32,home,53,63
20.35,25.81,home,54,63
14.14,30.29,home,93,63
15.19,29.23,home,97,63
14.81,18.6,home,98,63
3.29,10.04,away,10,64
21.56,23.57,away,11,64
10.07,19.2,away,12,64
8.34,20.38,away,17,64
7.38,5.23,away,27,64
16.59,29.65,away,61,64
15.97,24.65,away,70,64
21.42,30.13,away,71,64
16.94,22.23,away,72,64
17.6,30.3,away,76,64
9.03,38.88,away,87,64
6.97,4.3,ball,-99,64
10.3,6.95,home,21,64
2.53,9.49,home,24,64
8.46,16.23,home,25,64
8.48,24.65,home,30,64
7.85,43.83,home,32,64
8.42,6.65,home,37,64
24.36,28.14,home,53,64
20.29,25.71,home,54,64
13.95,30.2,home,93,64
15.11,29.09,home,97,64
14.71,18.28,home,98,64
3.41,9.79,away,10,65
21.5,23.22,away,11,65
10.03,19.17,away,12,65
8.16,20.06,away,17,65
6.96,4.82,away,27,65
16.46,29.57,away,61,65
15.83,24.4,away,70,65
21.37,30.06,away,71,65
16.72,21.82,away,72,65
17.46,30.12,away,76,65
9.06,38.81,away,87,65
6.53,4.07,ball,-99,65
10.26,6.69,home,21,65
2.5,9.32,home,24,65
8.51,15.88,home,25,65
8.59,24.43,home,30,65
7.91,43.82,home,32,65
8.12,6.0,home,37,65
24.45,27.98,home,53,65
20.25,25.58,home,54,65
13.76,30.05,home,93,65
15.05,28.96,home,97,65
14.6,17.96,home,98,65
3.56,9.54,away,10,66
21.42,22.85,away,11,66
9.99,19.13,away,12,66
7.99,19.75,away,17,66
6.52,4.42,away,27,66
16.32,29.49,away,61,66
15.67,24.18,away,70,66
21.31,29.99,away,71,66
16.53,21.4,away,72,66
17.33,29.93,away,76,66
9.09,38.72,away,87,66
6.1,3.83,ball,-99,66
10.24,6.45,home,21,66
2.49,9.17,home,24,66
8.54,15.55,home,25,66
8.69,24.23,home,30,66
7.97,43.79,home,32,66
7.85,5.36,home,37,66
24.55,27.81,home,53,66
20.17,25.46,home,54,66
13.58,29.8,home,93,66
14.99,28.83,home,97,66
14.5,17.67,home,98,66
3.69,9.3,away,10,67
21.34,22.47,away,11,67
9.95,19.1,away,12,67
7.82,19.44,away,17,67
6.1,4.07,away,27,67
16.19,29.4,away,61,67
15.5,23.97,away,70,67
21.25,29.91,away,71,67
16.29,20.97,away,72,67
17.2,29.73,away,76,67
9.12,38.64,away,87,67
5.77,3.77,ball,-99,67
10.23,6.23,home,21,67
2.52,9.03,home,24,67
8.58,15.25,home,25,67
8.79,24.05,home,30,67
8.03,43.74,home,32,67
7.59,4.76,home,37,67
24.65,27.66,home,53,67
20.11,25.35,home,54,67
13.42,29.55,home,93,67
14.93,28.71,home,97,67
14.42,17.43,home,98,67
3.82,9.07,away,10,68
21.22,22.09,away,11,68
9.91,19.06,away,12,68
7.65,19.14,away,17,68
5.71,3.78,away,27,68
16.07,29.31,away,61,68
15.32,23.75,away,70,68
21.2,29.81,away,71,68
15.99,20.53,away,72,68
17.07,29.53,away,76,68
9.15,38.55,away,87,68
5.37,3.63,ball,-99,68
10.23,6.04,home,21,68
2.54,8.9,home,24,68
8.61,14.98,home,25,68
8.87,23.9,home,30,68
8.08,43.67,home,32,68
7.34,4.16,home,37,68
24.71,27.51,home,53,68
20.04,25.24,home,54,68
13.27,29.3,home,93,68
14.88,28.59,home,97,68
14.37,17.17,home,98,68
3.94,8.83,away,10,69
21.1,21.69,away,11,69
9.87,19.01,away,12,69
7.46,18.85,away,17,69
5.36,3.67,away,27,69
15.97,29.21,away,61,69
15.13,23.53,away,70,69
21.13,29.72,away,71,69
15.66,20.09,away,72,69
16.94,29.33,away,76,69
9.17,38.47,away,87,69
4.93,3.47,ball,-99,69
10.23,5.91,home,21,69
2.57,8.78,home,24,69
8.64,14.73,home,25,69
8.93,23.77,home,30,69
8.15,43.6,home,32,69
7.16,3.63,home,37,69
24.75,27.36,home,53,69
19.97,25.14,home,54,69
13.13,29.1,home,93,69
14.84,28.48,home,97,69
14.3,16.94,home,98,69
4.05,8.59,away,10,70
20.97,21.3,away,11,70
9.83,18.98,away,12,70
7.27,18.56,away,17,70
5.02,3.53,away,27,70
15.89,29.08,away,61,70
14.95,23.3,away,70,70
21.06,29.63,away,71,70
15.32,19.67,away,72,70
16.8,29.13,away,76,70
9.2,38.38,away,87,70
4.53,3.37,ball,-99,70
10.24,5.8,home,21,70
2.6,8.67,home,24,70
8.66,14.5,home,25,70
8.99,23.63,home,30,70
8.22,43.53,home,32,70
6.99,3.14,home,37,70
24.76,27.21,home,53,70
19.88,25.05,home,54,70
13.02,28.92,home,93,70
14.8,28.37,home,97,70
14.25,16.71,home,98,70
4.17,8.36,away,10,71
20.83,20.91,away,11,71
9.79,18.93,away,12,71
7.06,18.28,away,17,71
4.74,3.48,away,27,71
15.8,28.96,away,61,71
14.77,23.05,away,70,71
20.99,29.53,away,71,71
15.0,19.23,away,72,71
16.65,28.92,away,76,71
9.23,38.28,away,87,71
4.27,3.17,ball,-99,71
10.26,5.68,home,21,71
2.63,8.57,home,24,71
8.7,14.29,home,25,71
9.04,23.51,home,30,71
8.28,43.45,home,32,71
6.83,2.69,home,37,71
24.75,27.07,home,53,71
19.78,24.98,home,54,71
12.92,28.76,home,93,71
14.76,28.26,home,97,71
14.24,16.52,home,98,71
